{
    "id": "in_1Np7m9HyjaNCI3rESqcRnyds",
    "object": "invoice",
    "account_country": "GB",
    "account_name": "Musesoft",
    "account_tax_ids": null,
    "amount_due": 2000,
    "amount_paid": 2000,
    "amount_remaining": 0,
    "amount_shipping": 0,
    "application": null,
    "application_fee_amount": null,
    "attempt_count": 1,
    "attempted": true,
    "auto_advance": false,
    "automatic_tax": {
        "enabled": false,
        "status": null
    },
    "billing_reason": "manual",
    "charge": "ch_3Np7mAHyjaNCI3rE0DKzLbGG",
    "collection_method": "charge_automatically",
    "created": 1694429729,
    "currency": "usd",
    "custom_fields": null,
    "customer": "cus_OcMVT06kQ9fbmV",
    "customer_address": null,
    "customer_email": null,
    "customer_name": null,
    "customer_phone": null,
    "customer_shipping": null,
    "customer_tax_exempt": "none",
    "customer_tax_ids": [],
    "default_payment_method": null,
    "default_source": null,
    "default_tax_rates": [],
    "description": "(created by Stripe CLI)",
    "discount": null,
    "discounts": [],
    "due_date": null,
    "effective_at": 1694429730,
    "ending_balance": 0,
    "footer": null,
    "from_invoice": null,
    "hosted_invoice_url": "https://invoice.stripe.com/i/acct_1NdydiHyjaNCI3rE/test_YWNjdF8xTmR5ZGlIeWphTkNJM3JFLF9PY01WdWNtWWNNaGpVZ1AwSnZwejMzMUpyQ2l5Zk51LDg0OTcwNTMx0200xwWVUHrw?s=ap",
    "invoice_pdf": "https://pay.stripe.com/invoice/acct_1NdydiHyjaNCI3rE/test_YWNjdF8xTmR5ZGlIeWphTkNJM3JFLF9PY01WdWNtWWNNaGpVZ1AwSnZwejMzMUpyQ2l5Zk51LDg0OTcwNTMx0200xwWVUHrw/pdf?s=ap",
    "last_finalization_error": null,
    "latest_revision": null,
    "lines": {
        "object": "list",
        "data": [
            {
                "id": "il_1Np7m8HyjaNCI3rEsBrKHexn",
                "object": "line_item",
                "amount": 2000,
                "amount_excluding_tax": 2000,
                "currency": "usd",
                "description": "(created by Stripe CLI)",
                "discount_amounts": [],
                "discountable": true,
                "discounts": [],
                "invoice_item": "ii_1Np7m8HyjaNCI3rEg5Cujcn6",
                "livemode": false,
                "metadata": {},
                "period": {
                    "end": 1694429728,
                    "start": 1694429728
                },
                "plan": null,
                "price": {
                    "id": "price_1NiIX7HyjaNCI3rEL82H8gqU",
                    "object": "price",
                    "active": false,
                    "billing_scheme": "per_unit",
                    "created": 1692802785,
                    "currency": "usd",
                    "custom_unit_amount": null,
                    "livemode": false,
                    "lookup_key": null,
                    "metadata": {},
                    "nickname": null,
                    "product": "prod_OVJ92NHhXC7T0f",
                    "recurring": null,
                    "tax_behavior": "unspecified",
                    "tiers_mode": null,
                    "transform_quantity": null,
                    "type": "one_time",
                    "unit_amount": 2000,
                    "unit_amount_decimal": "2000"
                },
                "proration": false,
                "proration_details": {
                    "credited_items": null
                },
                "quantity": 1,
                "subscription": null,
                "tax_amounts": [],
                "tax_rates": [],
                "type": "invoiceitem",
                "unit_amount_excluding_tax": "2000"
            }
        ],
        "has_more": false,
        "total_count": 1,
        "url": "/v1/invoices/in_1Np7m9HyjaNCI3rESqcRnyds/lines"
    },
    "livemode": false,
    "metadata": {},
    "next_payment_attempt": null,
    "number": "31B44506-0003",
    "on_behalf_of": null,
    "paid": true,
    "paid_out_of_band": false,
    "payment_intent": "pi_3Np7mAHyjaNCI3rE0VuRaktj",
    "payment_settings": {
        "default_mandate": null,
        "payment_method_options": null,
        "payment_method_types": null
    },
    "period_end": 1694429729,
    "period_start": 1694429729,
    "post_payment_credit_notes_amount": 0,
    "pre_payment_credit_notes_amount": 0,
    "quote": null,
    "receipt_number": null,
    "rendering_options": null,
    "shipping_cost": null,
    "shipping_details": null,
    "starting_balance": 0,
    "statement_descriptor": null,
    "status": "paid",
    "status_transitions": {
        "finalized_at": 1694429730,
        "marked_uncollectible_at": null,
        "paid_at": 1694429730,
        "voided_at": null
    },
    "subscription": null,
    "subscription_details": {
        "metadata": null
    },
    "subtotal": 2000,
    "subtotal_excluding_tax": 2000,
    "tax": null,
    "test_clock": null,
    "total": 2000,
    "total_discount_amounts": [],
    "total_excluding_tax": 2000,
    "total_tax_amounts": [],
    "transfer_data": null,
    "webhooks_delivered_at": 1694429730
}
